<?xml version="1.0" encoding="UTF-8"?>
<project-private xmlns="http://www.netbeans.org/ns/project-private/1">
    <editor-bookmarks xmlns="http://www.netbeans.org/ns/editor-bookmarks/2" lastBookmarkId="0"/>
    <open-files xmlns="http://www.netbeans.org/ns/projectui-open-files/2">
        <group>
            <file>file:/D:/Google%20Drive/Universidad/7mo%20Semestre/Bases%20de%20Datos%202/Proyecto%20BD2/Codigo%20Proyecto%20BD2/Mi%20Propio%20Código/Diego/AgenciaDeViajes/AgenciaDeViajes/web/VerYRegistrarClientes.jsp</file>
            <file>file:/D:/Google%20Drive/Universidad/7mo%20Semestre/Bases%20de%20Datos%202/Proyecto%20BD2/Codigo%20Proyecto%20BD2/Mi%20Propio%20Código/Diego/AgenciaDeViajes/AgenciaDeViajes/src/java/AgenciaDeViajes/WebServicesAerolinea_Cliente2.java</file>
            <file>file:/D:/Google%20Drive/Universidad/7mo%20Semestre/Bases%20de%20Datos%202/Proyecto%20BD2/Codigo%20Proyecto%20BD2/Mi%20Propio%20Código/Diego/AgenciaDeViajes/AgenciaDeViajes/web/Codigo%20para%20Meter.txt</file>
            <file>file:/D:/Google%20Drive/Universidad/7mo%20Semestre/Bases%20de%20Datos%202/Proyecto%20BD2/Codigo%20Proyecto%20BD2/Mi%20Propio%20Código/Diego/AgenciaDeViajes/AgenciaDeViajes/web/Home.jsp</file>
            <file>file:/D:/Google%20Drive/Universidad/7mo%20Semestre/Bases%20de%20Datos%202/Proyecto%20BD2/Codigo%20Proyecto%20BD2/Mi%20Propio%20Código/Diego/AgenciaDeViajes/AgenciaDeViajes/src/java/AgenciaDeViajes/WebServicesAerolinea_Cliente.java</file>
        </group>
    </open-files>
</project-private>
